J,T,sigma_s
-1733.870968,448.15,-0.675055635
-1572.580645,448.15,-0.388441061
-1250,448.15,-2.230747077
-604.8387097,448.15,-0.289650192
-564.516129,448.15,-0.112270955
-524.1935484,448.15,-0.477343723
-443.5483871,448.15,-0.124448068
-40.32258065,448.15,-0.341684056
362.9032258,448.15,0.060124145
443.5483871,448.15,0.097400197
645.1612903,448.15,0.411502366
645.1612903,448.15,0.209208536
2701.612903,448.15,0.488604507
3104.83871,448.15,0.479206138
3346.774194,448.15,0.451713626
4072.580645,448.15,0.586247828
5846.774194,448.15,0.743451902
7016.129032,448.15,0.796922139
8225.806452,448.15,0.988002473
11572.58065,448.15,1.2586066
13951.6129,448.15,1.38710372
14112.90323,448.15,1.457937928
18427.41935,448.15,1.757530773
22862.90323,448.15,2.092218018
24596.77419,448.15,2.166905671
28427.41935,448.15,2.427198014
32580.64516,448.15,2.69286741
35000,448.15,2.806693624
39919.35484,448.15,3.110725919
45282.25806,448.15,3.429095508
48709.67742,448.15,3.585193357
53750,448.15,3.857212626
59596.77419,448.15,4.167229439
66451.6129,448.15,4.537379438
70241.93548,448.15,4.693964139
75483.87097,448.15,4.933315224
82258.06452,448.15,5.263861921
88387.09677,448.15,5.539696435
92903.22581,448.15,5.71151273
100322.5806,448.15,6.050133738
107701.6129,448.15,6.382768003
113024.1935,448.15,6.590209885
119233.871,448.15,6.81391809
127983.871,448.15,7.185210956
134919.3548,448.15,7.455681427
140846.7742,448.15,7.665331352
148467.7419,448.15,7.951194365
157419.3548,448.15,8.30276413
165080.6452,448.15,8.564172814
171572.5806,448.15,8.785120739
177701.6129,448.15,8.966592455
185080.6452,448.15,9.230899936
190806.4516,448.15,9.384301853
202016.129,448.15,9.792645571
210524.1935,448.15,10.09466907
219032.2581,448.15,10.36368018
225080.6452,448.15,10.51537611
233467.7419,448.15,10.77847423
242459.6774,448.15,11.05504689
250887.0968,448.15,11.31055797
260806.4516,448.15,11.64892161
267822.5806,448.15,11.81765255
273951.6129,448.15,11.96754746
285443.5484,448.15,12.33124756
294959.6774,448.15,12.60117321
300241.9355,448.15,12.71681472
312217.7419,448.15,13.07418145
320362.9032,448.15,13.28854631
329274.1935,448.15,13.51938952
339193.5484,448.15,13.77775945
346250,448.15,13.94429618
357096.7742,448.15,14.2508655
365201.6129,448.15,14.4464784
374758.0645,448.15,14.67857886
385282.2581,448.15,14.96125573
392137.0968,448.15,15.08215048
403104.8387,448.15,15.38744037
410564.5161,448.15,15.53820032
421653.2258,448.15,15.82556358
432701.6129,448.15,16.09471144
440604.8387,448.15,16.25098988
450322.5806,448.15,16.50514604
459072.5806,448.15,16.70246716
470201.6129,448.15,16.96609253
479435.4839,448.15,17.17322957
490120.9677,448.15,17.40448549
500362.9032,448.15,17.63844705
510362.9032,448.15,17.8517614
518588.7097,448.15,18.0324538
528790.3226,448.15,18.24184037
538548.3871,448.15,18.43520685
547661.2903,448.15,18.62382835
558346.7742,448.15,18.85829629
567983.871,448.15,19.0350863
577580.6452,448.15,19.23851829
588024.1935,448.15,19.4754052
597661.2903,448.15,19.64410045
608750,448.15,19.87602006
617862.9032,448.15,20.04434138
629153.2258,448.15,20.28633962
640120.9677,448.15,20.50712428
651411.2903,448.15,20.71431288
661088.7097,448.15,20.90684166
672016.129,448.15,21.13283219
682782.2581,448.15,21.35789857
692782.2581,448.15,21.51911805
703145.1613,448.15,21.71749584
713790.3226,448.15,21.90756223
724637.0968,448.15,22.10143893
733629.0323,448.15,22.26197611
744637.0968,448.15,22.49572735
755645.1613,448.15,22.66333852
765080.6452,448.15,22.83581698
776451.6129,448.15,23.05628778
787943.5484,448.15,23.25474606
798911.2903,448.15,23.4628494
809677.4194,448.15,23.63812117
820201.6129,448.15,23.81117004
829798.3871,448.15,23.97333066
840766.129,448.15,24.17361575
852298.3871,448.15,24.37151412
864879.0323,448.15,24.54423558
876129.0323,448.15,24.79394655
884596.7742,448.15,24.91258017
895604.8387,448.15,25.09755096
905483.871,448.15,25.25885174
917701.6129,448.15,25.46712474
930403.2258,448.15,25.68812545
940564.5161,448.15,25.85506494
952903.2258,448.15,26.05490784
962620.9677,448.15,26.19650228
973346.7742,448.15,26.36570212
983467.7419,448.15,26.53265103
994233.871,448.15,26.69707573
1006330.645,448.15,26.87568163
1016330.645,448.15,27.03934111
1027096.774,448.15,27.18763073
1038709.677,448.15,27.37853366
1049516.129,448.15,27.53637692
1061774.194,448.15,27.69481841
1072500,448.15,27.91997125
1082298.387,448.15,28.01224536
1094395.161,448.15,28.21535024
1105927.419,448.15,28.38477525
1118387.097,448.15,28.57511354
1129677.419,448.15,28.74545839
1140241.935,448.15,28.86953435
1152620.968,448.15,29.08389267
1162217.742,448.15,29.20716439
1176451.613,448.15,29.44351312
1188588.71,448.15,29.61932717
1199395.161,448.15,29.76920645
1209314.516,448.15,29.91796708
1220766.129,448.15,30.07124039
1233225.806,448.15,30.23182106
1244516.129,448.15,30.40362851
1257217.742,448.15,30.58657197
1268870.968,448.15,30.76623804
1280000,448.15,30.90951374
1291774.194,448.15,31.05681997
1302822.581,448.15,31.21370423
1314153.226,448.15,31.38529348
1326814.516,448.15,31.53070669
1338467.742,448.15,31.69560727
1349516.129,448.15,31.83142987
1359314.516,448.15,31.95908182
1371532.258,448.15,32.13559106
1382500,448.15,32.27842534
1394596.774,448.15,32.437707
1406048.387,448.15,32.58221214
1417096.774,448.15,32.69964137
1430806.452,448.15,32.90350506
1442096.774,448.15,33.05911469
1453830.645,448.15,33.21942686
1465362.903,448.15,33.3512746
1476370.968,448.15,33.52177125
1488306.452,448.15,33.66995339
1500443.548,448.15,33.81860072
1513588.71,448.15,33.9828968
1525282.258,448.15,34.13911013
1537500,448.15,34.31229003
1550685.484,448.15,34.4540719
1561411.29,448.15,34.57638533
1574072.581,448.15,34.78247121
1584516.129,448.15,34.90597393
1596774.194,448.15,35.03357125
1609435.484,448.15,35.19210772
1621250,448.15,35.35251251
1633225.806,448.15,35.46929759
1645604.839,448.15,35.61551827
1657258.065,448.15,35.78197239
1669516.129,448.15,35.93602219
1681088.71,448.15,36.03406188
1693306.452,448.15,36.19773933
1705403.226,448.15,36.32385469
1717056.452,448.15,36.50927994
1729032.258,448.15,36.63256075
1740483.871,448.15,36.76240974
1751854.839,448.15,36.89596669
1764112.903,448.15,37.02580731
1777298.387,448.15,37.20080964
1789274.194,448.15,37.32597029
1802540.323,448.15,37.49299483
1815000,448.15,37.65151603
1825483.871,448.15,37.76944595
1835806.452,448.15,37.8537103
1847459.677,448.15,37.99627095
1861169.355,448.15,38.14943538
1874153.226,448.15,38.30223535
1886250,448.15,38.45623932
1899717.742,448.15,38.62511635
1911209.677,448.15,38.74157853
1922096.774,448.15,38.86069087
1933548.387,448.15,38.96240693
1945927.419,448.15,39.09641401
1958588.71,448.15,39.22435024
1969879.032,448.15,39.36308636
1982540.323,448.15,39.51466548
1993104.839,448.15,39.61229766
2006935.484,448.15,39.77482722
2019072.581,448.15,39.90575436
2032459.677,448.15,40.07984074
2044758.065,448.15,40.19668292
2054556.452,448.15,40.28061912
2068911.29,448.15,40.45578899
2081290.323,448.15,40.60374095
2094879.032,448.15,40.73518085
2106895.161,448.15,40.88089105
2118911.29,448.15,41.00850904
2130080.645,448.15,41.11735153
2142620.968,448.15,41.25550653
2155201.613,448.15,41.36515131
2167701.613,448.15,41.51542764
2180241.935,448.15,41.62447293
2192862.903,448.15,41.76459298
2205241.935,448.15,41.87074948
2216733.871,448.15,42.00537943
2230443.548,448.15,42.14684159
2242540.323,448.15,42.28385129
2255080.645,448.15,42.41435033
2268185.484,448.15,42.55332146
2279959.677,448.15,42.64883612
2293145.161,448.15,42.81355126
2306572.581,448.15,42.95498572
2319516.129,448.15,43.08500684
2330080.645,448.15,43.18095097
2342459.677,448.15,43.30560343
2357056.452,448.15,43.47747018
2368750,448.15,43.56721941
2380564.516,448.15,43.71642391
2393024.194,448.15,43.80164632
2404435.484,448.15,43.90700374
2419596.774,448.15,44.06818275
2432016.129,448.15,44.21343308
2443024.194,448.15,44.30971137
2454919.355,448.15,44.4185773
2466895.161,448.15,44.52518089
2481693.548,448.15,44.70203268
2495000,448.15,44.815569
2506370.968,448.15,44.90784408
2518548.387,448.15,45.04485034
2531895.161,448.15,45.18798418
2542661.29,448.15,45.25012324
2555887.097,448.15,45.38026969
2571491.935,448.15,45.56379608
2581169.355,448.15,45.65010521
2593911.29,448.15,45.77795561
2608306.452,448.15,45.89918678
2618225.806,448.15,45.98374306
2633508.065,448.15,46.15186476
2645846.774,448.15,46.2444752
2657419.355,448.15,46.36994635
2671411.29,448.15,46.48910709
2685040.323,448.15,46.64496621
2697056.452,448.15,46.76545811
2708346.774,448.15,46.82900568
2719072.581,448.15,46.94222913
2733790.323,448.15,47.08586572
2746612.903,448.15,47.20070173
2761330.645,448.15,47.36906903
2770645.161,448.15,47.40087574
2785887.097,448.15,47.5934642
2798911.29,448.15,47.67071978
2811935.484,448.15,47.80107811
2825201.613,448.15,47.92696775
2836411.29,448.15,48.02518409
2848548.387,448.15,48.14216439
2861209.677,448.15,48.23513023
2874435.484,448.15,48.35839696
2888669.355,448.15,48.50645589
2901935.484,448.15,48.63262737
2913951.613,448.15,48.73221669
2927741.935,448.15,48.85488399
2937983.871,448.15,48.94156631
2953064.516,448.15,49.07851033
2965645.161,448.15,49.1907394
2977217.742,448.15,49.29703493
2989153.226,448.15,49.41231105
3002661.29,448.15,49.51592723
3015766.129,448.15,49.65806696
3029233.871,448.15,49.73877566
3041854.839,448.15,49.88665168
3055362.903,448.15,49.9817754
3065806.452,448.15,50.03877777
3080040.323,448.15,50.1597474
3094556.452,448.15,50.3420957
3106411.29,448.15,50.41465357
3118669.355,448.15,50.52293581
3133830.645,448.15,50.65714729
3143991.935,448.15,50.75809882
3157943.548,448.15,50.85354847
3172056.452,448.15,50.9986527
3183024.194,448.15,51.06257623
3195846.774,448.15,51.16616398
3210685.484,448.15,51.33482784
3222459.677,448.15,51.42220175
3235362.903,448.15,51.5176293
3248588.71,448.15,51.64575
3264233.871,448.15,51.78447523
3275201.613,448.15,51.85569977
3286290.323,448.15,51.94499868
-2419.354839,298.15,-1.187892552
-2379.032258,298.15,-0.296538831
-2137.096774,298.15,-1.974042706
-2096.774194,298.15,-0.680640956
-1895.16129,298.15,-0.413381694
-1209.677419,298.15,-0.238861853
-1169.354839,298.15,-0.129177253
-1088.709677,298.15,-0.166055369
-685.483871,298.15,-0.071626971
-483.8709677,298.15,-0.118824865
-483.8709677,298.15,-0.064172714
-403.2258065,298.15,-4.195329263
-161.2903226,298.15,-0.267016971
-80.64516129,298.15,-0.007671707
201.6129032,298.15,0.028436461
282.2580645,298.15,0.046577847
322.5806452,298.15,0.057728322
564.516129,298.15,0.157869438
645.1612903,298.15,0.250663023
645.1612903,298.15,0.064633638
1008.064516,298.15,0.639749551
1129.032258,298.15,0.131870357
1975.806452,298.15,0.179693159
2016.129032,298.15,0.17544624
3225.806452,298.15,0.260458741
4879.032258,298.15,0.409224416
5362.903226,298.15,0.40381797
6854.83871,298.15,0.533945848
10282.25806,298.15,0.748066205
11048.3871,298.15,0.778444488
14153.22581,298.15,0.970327308
16088.70968,298.15,1.071046185
19354.83871,298.15,1.254480031
25241.93548,298.15,1.594067326
27459.67742,298.15,1.69125188
29677.41935,298.15,1.787615323
33709.67742,298.15,1.979365083
37943.54839,298.15,2.182750624
44072.58065,298.15,2.481054905
46572.58065,298.15,2.564153583
49677.41935,298.15,2.685835783
56370.96774,298.15,2.988885188
61169.35484,298.15,3.184435512
64637.09677,298.15,3.302211539
73225.80645,298.15,3.670931328
75927.41935,298.15,3.751221919
83508.06452,298.15,4.057612455
88024.19355,298.15,4.203372568
93991.93548,298.15,4.427389208
102258.0645,298.15,4.745300097
106854.8387,298.15,4.887239687
113306.4516,298.15,5.101541389
122096.7742,298.15,5.432372254
127016.129,298.15,5.568343977
135927.4194,298.15,5.881274718
141532.2581,298.15,6.048302694
147419.3548,298.15,6.222673973
156572.5806,298.15,6.535264142
162983.871,298.15,6.717573406
170040.3226,298.15,6.924499127
178427.4194,298.15,7.185965851
185604.8387,298.15,7.39933994
191370.9677,298.15,7.55202363
200967.7419,298.15,7.835101726
209193.5484,298.15,8.079666238
219354.8387,298.15,8.389449441
225282.2581,298.15,8.531851381
233306.4516,298.15,8.754266066
243870.9677,298.15,9.062587667
251895.1613,298.15,9.268555908
260524.1935,298.15,9.502296563
269758.0645,298.15,9.749686633
278588.7097,298.15,9.984575699
286250,298.15,10.15367606
293387.0968,298.15,10.33862792
302620.9677,298.15,10.57332582
313427.4194,298.15,10.86473507
321854.8387,298.15,11.07484961
333064.5161,298.15,11.35861388
341774.1935,298.15,11.57528705
350403.2258,298.15,11.7854787
359758.0645,298.15,11.9930729
369072.5806,298.15,12.22963516
379112.9032,298.15,12.46027329
387983.871,298.15,12.67289874
396491.9355,298.15,12.85689431
406653.2258,298.15,13.11192049
417822.5806,298.15,13.37679544
428064.5161,298.15,13.61268248
438669.3548,298.15,13.85343034
447580.6452,298.15,14.04723818
457056.4516,298.15,14.26345503
470000,298.15,14.54556597
476975.8065,298.15,14.68779465
489596.7742,298.15,14.98853155
497903.2258,298.15,15.15574993
509596.7742,298.15,15.41003409
519516.129,298.15,15.63377391
531370.9677,298.15,15.874591
540282.2581,298.15,16.04994975
552459.6774,298.15,16.32991712
561008.0645,298.15,16.49793639
573709.6774,298.15,16.76867386
582338.7097,298.15,16.94679559
593709.6774,298.15,17.16738882
604072.5806,298.15,17.38504955
616411.2903,298.15,17.63734478
627822.5806,298.15,17.88260098
637620.9677,298.15,18.06738722
649193.5484,298.15,18.30466208
661532.2581,298.15,18.5445675
671854.8387,298.15,18.74403049
681250,298.15,18.91991324
693870.9677,298.15,19.17856797
702943.5484,298.15,19.34407705
716088.7097,298.15,19.60100211
726370.9677,298.15,19.79623036
737903.2258,298.15,20.01736467
748709.6774,298.15,20.21020152
759516.129,298.15,20.41210857
771411.2903,298.15,20.64155487
782096.7742,298.15,20.83548554
796209.6774,298.15,21.10013669
804596.7742,298.15,21.24378188
816693.5484,298.15,21.47437767
829637.0968,298.15,21.71288224
840524.1935,298.15,21.90782628
851693.5484,298.15,22.11544319
863548.3871,298.15,22.35206894
875524.1935,298.15,22.55774364
887741.9355,298.15,22.76544272
897379.0323,298.15,22.92246519
912056.4516,298.15,23.20262063
919354.8387,298.15,23.30767751
934717.7419,298.15,23.58612367
944153.2258,298.15,23.78259207
955080.6452,298.15,23.93789161
967580.6452,298.15,24.15523159
981411.2903,298.15,24.38234596
994233.871,298.15,24.63090356
1004112.903,298.15,24.79748299
1015564.516,298.15,24.96512817
1027096.774,298.15,25.17141693
1039717.742,298.15,25.38339144
1052137.097,298.15,25.59379384
1064153.226,298.15,25.79158712
1077137.097,298.15,26.00771309
1088750,298.15,26.21800341
1101250,298.15,26.4308642
1113629.032,298.15,26.61520583
1125120.968,298.15,26.8111842
1138104.839,298.15,27.03402832
1149717.742,298.15,27.22016702
1160362.903,298.15,27.36786667
1173024.194,298.15,27.58162879
1184596.774,298.15,27.75795319
1197096.774,298.15,27.95359039
1208870.968,298.15,28.15181576
1222419.355,298.15,28.3733663
1236169.355,298.15,28.59154622
1246935.484,298.15,28.74682011
1260120.968,298.15,28.96245863
1272903.226,298.15,29.16079259
1285725.806,298.15,29.36815336
1297096.774,298.15,29.54231284
1309032.258,298.15,29.71894733
1321129.032,298.15,29.92116074
1333951.613,298.15,30.11852246
1346411.29,298.15,30.29279697
1357661.29,298.15,30.4603494
1370604.839,298.15,30.65146606
1383870.968,298.15,30.86787217
1397580.645,298.15,31.08066597
1409112.903,298.15,31.22964283
1422379.032,298.15,31.44679523
1436411.29,298.15,31.66736661
1448750,298.15,31.84073266
1460766.129,298.15,32.02273884
1473306.452,298.15,32.19707761
1484959.677,298.15,32.37340152
1498911.29,298.15,32.5922307
1511290.323,298.15,32.73290876
1524072.581,298.15,32.9708987
1536209.677,298.15,33.14269625
1549032.258,298.15,33.27689413
1560806.452,298.15,33.46606299
1574516.129,298.15,33.67038489
1586733.871,298.15,33.8415029
1599556.452,298.15,34.04353035
1612500,298.15,34.21968955
1624919.355,298.15,34.40693095
1637580.645,298.15,34.59558281
1651572.581,298.15,34.76918689
1664516.129,298.15,34.97513574
1677580.645,298.15,35.15484923
1690322.581,298.15,35.35191053
1700645.161,298.15,35.4690603
1714354.839,298.15,35.67303521
1729798.387,298.15,35.87668395
1740645.161,298.15,36.02323123
1755604.839,298.15,36.22950189
1768306.452,298.15,36.402644
1780080.645,298.15,36.54369575
1795483.871,298.15,36.78915837
1807580.645,298.15,36.93514773
1818266.129,298.15,37.07243122
1832661.29,298.15,37.27021213
1846693.548,298.15,37.51280906
1858750,298.15,37.63492396
1873951.613,298.15,37.84483643
1883588.71,298.15,37.97098258
1898830.645,298.15,38.18454196
1909193.548,298.15,38.3304262
1922983.871,298.15,38.48818879
1937419.355,298.15,38.70278406
1950282.258,298.15,38.86471489
1964072.581,298.15,39.03052969
1974637.097,298.15,39.15717919
1991411.29,298.15,39.43405894
2003830.645,298.15,39.58395229
2015362.903,298.15,39.69510731
2030241.935,298.15,39.92068209
2043709.677,298.15,40.08128964
2058024.194,298.15,40.29880893
2068064.516,298.15,40.36642525
2081250,298.15,40.55705433
2095403.226,298.15,40.76451444
2108830.645,298.15,40.89348538
2121209.677,298.15,41.09008444
2134435.484,298.15,41.25973004
2150443.548,298.15,41.47496039
2160403.226,298.15,41.56987159
2177459.677,298.15,41.80217388
2187056.452,298.15,41.89848586
2203387.097,298.15,42.12948244
2217177.419,298.15,42.28309782
2228548.387,298.15,42.43778422
2241733.871,298.15,42.6285552
2256169.355,298.15,42.79242844
2268306.452,298.15,42.93257163
2283951.613,298.15,43.16527925
2295887.097,298.15,43.28397203
2307741.935,298.15,43.38749095
2323185.484,298.15,43.6076045
2334354.839,298.15,43.76069001
2349879.032,298.15,43.95312668
2361733.871,298.15,44.09677461
2374072.581,298.15,44.23255749
2389838.71,298.15,44.44384602
2402822.581,298.15,44.6020617
2414838.71,298.15,44.72496088
2431008.065,298.15,44.93665461
2442903.226,298.15,45.07266367
2457822.581,298.15,45.25123546
2469798.387,298.15,45.40597977
2481612.903,298.15,45.51716965
2497379.032,298.15,45.73623401
2510201.613,298.15,45.87662292
2524758.065,298.15,46.07535923
2536733.871,298.15,46.20062376
2552620.968,298.15,46.39908749
2563508.065,298.15,46.48464765
2578951.613,298.15,46.70060826
2590322.581,298.15,46.85492054
2605000,298.15,47.0184506
2617217.742,298.15,47.15337427
2633991.935,298.15,47.393002
2646008.065,298.15,47.50268256
2663145.161,298.15,47.68774483
2672096.774,298.15,47.78515372
2687379.032,298.15,47.96433788
2700403.226,298.15,48.13978657
2715443.548,298.15,48.31335432
2726250,298.15,48.41348136
2742096.774,298.15,48.59344773
2753790.323,298.15,48.75684668
2768427.419,298.15,48.90525761
2784112.903,298.15,49.11155059
2795322.581,298.15,49.22518411
2808830.645,298.15,49.38113149
2823830.645,298.15,49.52834046
2837620.968,298.15,49.68121685
2851491.935,298.15,49.84543026
2864637.097,298.15,49.99279205
2876451.613,298.15,50.1231463
2893548.387,298.15,50.3147944
2904516.129,298.15,50.42227998
2920403.226,298.15,50.60710975
2932338.71,298.15,50.74301684
2946935.484,298.15,50.94808093
2959556.452,298.15,51.02120969
2974354.839,298.15,51.24465356
2987177.419,298.15,51.36962844
3002500,298.15,51.50584257
3013024.194,298.15,51.6411544
3030725.806,298.15,51.83169243
3042338.71,298.15,52.00473189
3057177.419,298.15,52.12487121
3068911.29,298.15,52.24413189
3085040.323,298.15,52.44417797
3097298.387,298.15,52.53773662
3113467.742,298.15,52.75163864
3124475.806,298.15,52.85315369
3138911.29,298.15,53.0184608
3153951.613,298.15,53.15418535
3168185.484,298.15,53.33653358
3181693.548,298.15,53.48451373
3195403.226,298.15,53.65350235
3208629.032,298.15,53.76697544
3222943.548,298.15,53.92552837
3237096.774,298.15,54.07183553
3248911.29,298.15,54.19613734
3264677.419,298.15,54.3923749
3277580.645,298.15,54.49442346
3292500,298.15,54.67719025
3305967.742,298.15,54.83325489
3320282.258,298.15,55.0141157
3334233.871,298.15,55.12281303
3346532.258,298.15,55.23431456
3360806.452,298.15,55.37485871
3376733.871,298.15,55.58642574
-2217.741935,373.15,-25.02482844
-1935.483871,373.15,-0.293943559
-1895.16129,373.15,-3.083913667
-1733.870968,373.15,-0.829410455
-1209.677419,373.15,-0.239239774
-887.0967742,373.15,-0.345409222
-766.1290323,373.15,-0.126712177
-604.8387097,373.15,-0.108003643
-524.1935484,373.15,-0.332579111
-483.8709677,373.15,-0.105461348
0,373.15,0
282.2580645,373.15,0.091883247
322.5806452,373.15,0.08995783
362.9032258,373.15,0.048336194
443.5483871,373.15,0.108716153
1008.064516,373.15,0.911683666
1169.354839,373.15,0.137317972
1290.322581,373.15,0.16166137
1693.548387,373.15,0.178841952
1854.83871,373.15,0.206748351
2983.870968,373.15,0.300879475
5564.516129,373.15,0.534513049
8790.322581,373.15,0.811099739
10322.58065,373.15,0.914384208
10766.12903,373.15,0.917751722
13709.67742,373.15,1.127055285
16491.93548,373.15,1.311863878
18548.3871,373.15,1.429349778
21612.90323,373.15,1.613873766
24435.48387,373.15,1.765933243
27217.74194,373.15,1.915613191
31290.32258,373.15,2.140061059
35000,373.15,2.332060182
39193.54839,373.15,2.550498728
45403.22581,373.15,2.886176233
49435.48387,373.15,3.066309811
53790.32258,373.15,3.264189439
58346.77419,373.15,3.468141156
62338.70968,373.15,3.630142191
69072.58065,373.15,3.941905361
72338.70968,373.15,4.049475683
78830.64516,373.15,4.328523305
85483.87097,373.15,4.608782472
91693.54839,373.15,4.857087918
97540.32258,373.15,5.072126087
103870.9677,373.15,5.318293339
108629.0323,373.15,5.480350099
113991.9355,373.15,5.661088219
122661.2903,373.15,5.991188284
128467.7419,373.15,6.188237564
136088.7097,373.15,6.461383682
142016.129,373.15,6.644902699
148387.0968,373.15,6.853146177
157177.4194,373.15,7.17248529
164677.4194,373.15,7.39929068
170967.7419,373.15,7.589770485
179395.1613,373.15,7.861411796
183629.0323,373.15,7.945688057
192701.6129,373.15,8.249925193
199233.871,373.15,8.422074358
207298.3871,373.15,8.656950113
215967.7419,373.15,8.923748025
224919.3548,373.15,9.186023932
231733.871,373.15,9.360321523
240362.9032,373.15,9.61504575
247016.129,373.15,9.769368944
254637.0968,373.15,9.975354356
262177.4194,373.15,10.1751242
272177.4194,373.15,10.45561251
281612.9032,373.15,10.69996054
290806.4516,373.15,10.95626406
298709.6774,373.15,11.14161495
308508.0645,373.15,11.39519554
315483.871,373.15,11.56145172
322983.871,373.15,11.72122818
332177.4194,373.15,11.96049337
341814.5161,373.15,12.20409393
351653.2258,373.15,12.45432659
360846.7742,373.15,12.65913621
369637.0968,373.15,12.85677007
377782.2581,373.15,13.04582231
387016.129,373.15,13.24693891
393588.7097,373.15,13.36116156
403185.4839,373.15,13.58762967
414193.5484,373.15,13.85082236
422701.6129,373.15,14.02018145
433830.6452,373.15,14.27619652
441169.3548,373.15,14.43506747
451088.7097,373.15,14.64499863
463427.4194,373.15,14.92226958
471330.6452,373.15,15.09036512
478629.0323,373.15,15.22268192
488346.7742,373.15,15.42126137
500967.7419,373.15,15.71635312
508629.0323,373.15,15.86123753
518830.6452,373.15,16.0546349
530564.5161,373.15,16.32542602
537983.871,373.15,16.4223773
547137.0968,373.15,16.60273834
557258.0645,373.15,16.81233174
568790.3226,373.15,17.04365262
579435.4839,373.15,17.25662034
589032.2581,373.15,17.45028133
597419.3548,373.15,17.59364888
607258.0645,373.15,17.74893378
619193.5484,373.15,18.03208599
630322.5806,373.15,18.2504818
641129.0323,373.15,18.43581269
651612.9032,373.15,18.61998859
661612.9032,373.15,18.79232921
669153.2258,373.15,18.9130907
678991.9355,373.15,19.08370573
689637.0968,373.15,19.25678274
700322.5806,373.15,19.48279707
710443.5484,373.15,19.63047272
720403.2258,373.15,19.83267308
732177.4194,373.15,20.05374332
743709.6774,373.15,20.23175272
755322.5806,373.15,20.45377506
764637.0968,373.15,20.60701963
774072.5806,373.15,20.74537653
786693.5484,373.15,20.98214336
795846.7742,373.15,21.11732453
805725.8065,373.15,21.28500937
818669.3548,373.15,21.5198533
828629.0323,373.15,21.66479337
838830.6452,373.15,21.84064398
850887.0968,373.15,22.03486781
860846.7742,373.15,22.20927219
871895.1613,373.15,22.37947151
881330.6452,373.15,22.50994185
893870.9677,373.15,22.73587855
903588.7097,373.15,22.88683954
915645.1613,373.15,23.07612343
925887.0968,373.15,23.24103578
937822.5806,373.15,23.4273408
949798.3871,373.15,23.63637517
961411.2903,373.15,23.7840613
968225.8065,373.15,23.87698276
979758.0645,373.15,24.0541455
992903.2258,373.15,24.26350377
1003225.806,373.15,24.41605132
1014798.387,373.15,24.59548601
1028387.097,373.15,24.84283105
1039072.581,373.15,24.98567435
1049153.226,373.15,25.13067797
1059758.065,373.15,25.27389534
1069637.097,373.15,25.42144882
1082298.387,373.15,25.6076707
1092580.645,373.15,25.76006709
1103750,373.15,25.90439274
1115322.581,373.15,26.07638831
1126612.903,373.15,26.23312519
1137258.065,373.15,26.39800611
1150604.839,373.15,26.59652695
1163225.806,373.15,26.78519936
1174032.258,373.15,26.92555295
1184314.516,373.15,27.08117556
1194959.677,373.15,27.20204633
1208870.968,373.15,27.43497307
1220685.484,373.15,27.60368861
1230080.645,373.15,27.71126505
1240806.452,373.15,27.84188191
1255564.516,373.15,28.05602375
1266411.29,373.15,28.20828788
1276895.161,373.15,28.34642851
1288709.677,373.15,28.52973406
1299758.065,373.15,28.6595479
1311209.677,373.15,28.80105271
1324233.871,373.15,28.99646815
1336169.355,373.15,29.1501657
1348588.71,373.15,29.33501992
1359112.903,373.15,29.46329342
1370725.806,373.15,29.60801624
1380241.935,373.15,29.72795004
1395443.548,373.15,29.93047217
1405645.161,373.15,30.06343184
1416370.968,373.15,30.19274429
1430524.194,373.15,30.41791376
1440201.613,373.15,30.49317648
1452379.032,373.15,30.66103937
1464838.71,373.15,30.83391559
1475403.226,373.15,30.94488247
1489879.032,373.15,31.16095586
1500524.194,373.15,31.2730506
1512620.968,373.15,31.42129707
1524516.129,373.15,31.60361888
1535766.129,373.15,31.72840851
1548306.452,373.15,31.89228864
1561733.871,373.15,32.06962664
1571612.903,373.15,32.18707388
1584717.742,373.15,32.34792421
1595080.645,373.15,32.44877933
1610161.29,373.15,32.66931938
1620604.839,373.15,32.75688134
1632137.097,373.15,32.91761105
1644314.516,373.15,33.04419148
1656895.161,373.15,33.17801595
1667822.581,373.15,33.30816401
1681975.806,373.15,33.51048815
1692620.968,373.15,33.62542433
1704637.097,373.15,33.77246648
1717903.226,373.15,33.94498941
1729919.355,373.15,34.0971054
1740604.839,373.15,34.19112826
1752137.097,373.15,34.32947728
1765040.323,373.15,34.48473576
1779435.484,373.15,34.65901657
1790443.548,373.15,34.79148867
1802056.452,373.15,34.90270166
1814314.516,373.15,35.0352364
1828185.484,373.15,35.21325719
1840040.323,373.15,35.36756345
1851250,373.15,35.48014558
1862943.548,373.15,35.62728999
1875685.484,373.15,35.77489298
1890120.968,373.15,35.94057343
1900846.774,373.15,36.04788042
1911693.548,373.15,36.16376607
1924072.581,373.15,36.31102837
1936572.581,373.15,36.4434229
1948588.71,373.15,36.58924124
1963387.097,373.15,36.76779974
1975645.161,373.15,36.9002206
1988387.097,373.15,37.03691573
1998467.742,373.15,37.13395342
2011370.968,373.15,37.28338547
2024475.806,373.15,37.43447979
2037096.774,373.15,37.57581709
2048830.645,373.15,37.6902602
2059516.129,373.15,37.80406921
2073266.129,373.15,37.94630749
2087217.742,373.15,38.11370167
2098951.613,373.15,38.22138495
2111774.194,373.15,38.38051408
2123951.613,373.15,38.52021233
2134959.677,373.15,38.64632198
2149193.548,373.15,38.7678298
2162540.323,373.15,38.91293988
2174919.355,373.15,39.03557484
2186370.968,373.15,39.15481804
2198911.29,373.15,39.31850023
2210524.194,373.15,39.41708327
2223185.484,373.15,39.55507502
2237500,373.15,39.71226304
2249959.677,373.15,39.83265518
2262741.935,373.15,39.937044
2275040.323,373.15,40.09568759
2285887.097,373.15,40.17712792
2297862.903,373.15,40.33611609
2311411.29,373.15,40.45591212
2323548.387,373.15,40.5869359
2339112.903,373.15,40.79635984
2350322.581,373.15,40.8487679
2363790.323,373.15,41.03845626
2376491.935,373.15,41.12727865
2389354.839,373.15,41.26105759
2402620.968,373.15,41.40842731
2414919.355,373.15,41.52266503
2427741.935,373.15,41.63689366
2439637.097,373.15,41.77451068
2453064.516,373.15,41.89665131
2462419.355,373.15,41.99232382
2474879.032,373.15,42.113947
2488951.613,373.15,42.26275922
2503387.097,373.15,42.41859534
2516209.677,373.15,42.56633334
2528790.323,373.15,42.65326533
2539354.839,373.15,42.75138881
2552419.355,373.15,42.87148957
2566693.548,373.15,43.04184267
2580000,373.15,43.14757179
2593145.161,373.15,43.28465841
2604838.71,373.15,43.38228955
2617943.548,373.15,43.4916578
2630806.452,373.15,43.64705373
2643185.484,373.15,43.78231358
2656572.581,373.15,43.91658716
2668548.387,373.15,44.00062262
2680846.774,373.15,44.11861911
2694596.774,373.15,44.27630286
2708629.032,373.15,44.3872123
2719395.161,373.15,44.47982933
2732862.903,373.15,44.61529951
2746330.645,373.15,44.73713508
2761330.645,373.15,44.89825393
2772096.774,373.15,45.00526588
2784556.452,373.15,45.1309768
2798951.613,373.15,45.25136753
2809274.194,373.15,45.32803925
2822620.968,373.15,45.45372652
2838024.194,373.15,45.61532569
2847983.871,373.15,45.69959769
2863145.161,373.15,45.85183088
2875362.903,373.15,45.96168632
2886612.903,373.15,46.05255448
2902258.065,373.15,46.18748759
2913185.484,373.15,46.31352848
2926895.161,373.15,46.41772427
2939032.258,373.15,46.55807986
2953669.355,373.15,46.68648618
2965524.194,373.15,46.76987052
2978588.71,373.15,46.89431
2991895.161,373.15,47.03251901
3006088.71,373.15,47.14002318
3018669.355,373.15,47.27320263
3032419.355,373.15,47.39638549
3046330.645,373.15,47.51867573
3058266.129,373.15,47.61227406
3070483.871,373.15,47.74407979
3083145.161,373.15,47.84836193
3095201.613,373.15,47.95166043
3110362.903,373.15,48.10921599
3121975.806,373.15,48.18245583
3134838.71,373.15,48.29570781
3149596.774,373.15,48.45002469
3163225.806,373.15,48.5803303
3174153.226,373.15,48.64733809
3188467.742,373.15,48.77702565
3202096.774,373.15,48.90458845
3214314.516,373.15,49.00393871
-2379.032258,423.15,-4.243218854
-1169.354839,423.15,-1.088452569
-282.2580645,423.15,-2.274823214
-241.9354839,423.15,-0.153311208
-40.32258065,423.15,-0.007909473
564.516129,423.15,0.274591236
604.8387097,423.15,0.233003935
604.8387097,423.15,0.196259567
846.7741935,423.15,0.237074599
967.7419355,423.15,0.238258633
1048.387097,423.15,0.189044835
1209.677419,423.15,0.172425297
1854.83871,423.15,0.403974031
1854.83871,423.15,0.248123023
1895.16129,423.15,0.315047981
1895.16129,423.15,0.290692595
3951.612903,423.15,0.497252605
5846.774194,423.15,0.696014629
7500,423.15,0.845938031
7983.870968,423.15,0.855192212
8669.354839,423.15,0.887928797
10201.6129,423.15,0.998871313
12419.35484,423.15,1.166298826
17459.67742,423.15,1.574489208
19919.35484,423.15,1.732959227
22822.58065,423.15,1.917927983
25927.41935,423.15,2.108480446
28266.12903,423.15,2.222865582
31693.54839,423.15,2.423959277
35524.19355,423.15,2.640803036
40080.64516,423.15,2.90129044
43387.09677,423.15,3.04859406
49596.77419,423.15,3.399811028
54193.54839,423.15,3.633052426
58870.96774,423.15,3.85092244
63991.93548,423.15,4.103082867
68951.6129,423.15,4.332037082
76008.06452,423.15,4.6645899
81008.06452,423.15,4.867895052
86854.83871,423.15,5.121262608
93508.06452,423.15,5.418310991
99798.3871,423.15,5.658138391
107782.2581,423.15,6.019409102
112379.0323,423.15,6.164342224
119112.9032,423.15,6.42720571
125282.2581,423.15,6.65655629
133024.1935,423.15,6.960713826
140000,423.15,7.201366018
147419.3548,423.15,7.484478729
154959.6774,423.15,7.754744982
162379.0323,423.15,7.99877683
169798.3871,423.15,8.260925207
176814.5161,423.15,8.494801995
185685.4839,423.15,8.771182068
192258.0645,423.15,8.97475029
200766.129,423.15,9.253719455
208024.1935,423.15,9.48250309
215685.4839,423.15,9.693929869
223427.4194,423.15,9.954276427
231814.5161,423.15,10.18292646
239435.4839,423.15,10.40893374
245927.4194,423.15,10.58432327
255927.4194,423.15,10.86636355
264516.129,423.15,11.13384005
273508.0645,423.15,11.38604911
280887.0968,423.15,11.56520155
289556.4516,423.15,11.80570064
300806.4516,423.15,12.14806323
307379.0323,423.15,12.27461977
314637.0968,423.15,12.45406714
324919.3548,423.15,12.7414755
334395.1613,423.15,12.97600817
341693.5484,423.15,13.15611709
351209.6774,423.15,13.39086813
360241.9355,423.15,13.62745126
369072.5806,423.15,13.82162625
378709.6774,423.15,14.07223153
386774.1935,423.15,14.2586506
396250,423.15,14.46858277
407943.5484,423.15,14.77432829
415403.2258,423.15,14.91811531
423387.0968,423.15,15.09545711
436209.6774,423.15,15.42809401
445806.4516,423.15,15.66044596
453427.4194,423.15,15.77857915
461733.871,423.15,15.95345119
472620.9677,423.15,16.20812016
482983.871,423.15,16.42656292
492459.6774,423.15,16.65292839
501572.5806,423.15,16.83615215
510564.5161,423.15,17.0069794
520201.6129,423.15,17.20005662
529274.1935,423.15,17.38994955
540725.8065,423.15,17.64400809
551733.871,423.15,17.86046987
561814.5161,423.15,18.06563772
571774.1935,423.15,18.29342357
580161.2903,423.15,18.43457212
590524.1935,423.15,18.64000861
601169.3548,423.15,18.85164894
612379.0323,423.15,19.07227222
622137.0968,423.15,19.27696244
631330.6452,423.15,19.42852984
640524.1935,423.15,19.58163679
652338.7097,423.15,19.83567747
663266.129,423.15,20.06002234
673064.5161,423.15,20.21619654
682540.3226,423.15,20.40316159
693588.7097,423.15,20.60231139
703145.1613,423.15,20.77060428
713870.9677,423.15,20.9666715
725887.0968,423.15,21.20584254
733991.9355,423.15,21.29843223
746129.0323,423.15,21.545213
755403.2258,423.15,21.66947243
768104.8387,423.15,21.93539278
777096.7742,423.15,22.07149071
787540.3226,423.15,22.25366493
798266.129,423.15,22.42557763
809637.0968,423.15,22.63386605
820282.2581,423.15,22.8236174
829395.1613,423.15,22.9612545
842983.871,423.15,23.23184817
851129.0323,423.15,23.32153211
863024.1935,423.15,23.53739857
872540.3226,423.15,23.66441122
884758.0645,423.15,23.8878531
896895.1613,423.15,24.07992823
905040.3226,423.15,24.20003612
917782.2581,423.15,24.41771838
930040.3226,423.15,24.62945932
939032.2581,423.15,24.76300203
948951.6129,423.15,24.90686931
961612.9032,423.15,25.1136508
971209.6774,423.15,25.25393491
982298.3871,423.15,25.40690913
995362.9032,423.15,25.64642147
1004233.871,423.15,25.76775648
1015645.161,423.15,25.9349191
1028225.806,423.15,26.13705422
1039314.516,423.15,26.30199441
1049193.548,423.15,26.43877346
1059717.742,423.15,26.57869547
1072258.065,423.15,26.78406606
1085443.548,423.15,27.00394821
1096129.032,423.15,27.17445778
1106774.194,423.15,27.3076946
1116451.613,423.15,27.43458486
1128346.774,423.15,27.61244169
1141411.29,423.15,27.8121344
1152056.452,423.15,27.95502906
1164879.032,423.15,28.1239495
1174112.903,423.15,28.27084107
1184959.677,423.15,28.42731611
1196169.355,423.15,28.56135255
1208467.742,423.15,28.7461777
1220524.194,423.15,28.91698138
1231411.29,423.15,29.07919272
1241814.516,423.15,29.20686238
1254314.516,423.15,29.37752525
1267096.774,423.15,29.57685958
1276975.806,423.15,29.68603411
1287983.871,423.15,29.84694131
1298508.065,423.15,29.96925223
1312661.29,423.15,30.19413899
1325645.161,423.15,30.37516413
1335241.935,423.15,30.49213709
1345040.323,423.15,30.60180984
1356693.548,423.15,30.73496377
1369717.742,423.15,30.93306739
1382379.032,423.15,31.10348939
1392701.613,423.15,31.22256878
1403104.839,423.15,31.39028979
1414959.677,423.15,31.51261906
1428709.677,423.15,31.70998593
1441693.548,423.15,31.88326749
1452459.677,423.15,32.02717272
1464153.226,423.15,32.14134446
1474838.71,423.15,32.28590002
1485645.161,423.15,32.4181647
1497661.29,423.15,32.56763525
1511411.29,423.15,32.76962107
1522741.935,423.15,32.90198699
1532862.903,423.15,33.03846071
1547096.774,423.15,33.20781975
1559677.419,423.15,33.38007642
1568467.742,423.15,33.45540886
1580887.097,423.15,33.60525386
1593548.387,423.15,33.75353309
1606250,423.15,33.92596258
1619717.742,423.15,34.08212154
1628427.419,423.15,34.17079714
1639838.71,423.15,34.29453276
1653306.452,423.15,34.48227812
1666330.645,423.15,34.64383789
1677379.032,423.15,34.75006686
1688024.194,423.15,34.8946844
1702580.645,423.15,35.06806572
1714112.903,423.15,35.18185073
1724435.484,423.15,35.30885185
1736854.839,423.15,35.44808943
1749193.548,423.15,35.63842283
1760927.419,423.15,35.74733181
1774959.677,423.15,35.94312411
1787459.677,423.15,36.05715759
1797782.258,423.15,36.16827364
1808588.71,423.15,36.28277959
1820887.097,423.15,36.42679033
1834637.097,423.15,36.6182416
1846330.645,423.15,36.72210906
1857419.355,423.15,36.85989244
1869354.839,423.15,36.9715412
1881572.581,423.15,37.1041504
1895000,423.15,37.28494373
1908427.419,423.15,37.45316209
1919314.516,423.15,37.5540994
1932016.129,423.15,37.68138483
1943951.613,423.15,37.80750457
1955927.419,423.15,37.9513719
1969032.258,423.15,38.11665652
1980766.129,423.15,38.21603208
1993870.968,423.15,38.3664782
2005604.839,423.15,38.47624012
2017701.613,423.15,38.61747383
2028629.032,423.15,38.72364503
2040645.161,423.15,38.85612524
2052500,423.15,38.97892816
2064596.774,423.15,39.11905593
2077419.355,423.15,39.2546066
2091048.387,423.15,39.38993884
2102177.419,423.15,39.48290033
2115201.613,423.15,39.68551858
2129274.194,423.15,39.81504562
2140604.839,423.15,39.90988304
2152661.29,423.15,40.05653318
2165645.161,423.15,40.18570059
2176975.806,423.15,40.27277887
2191169.355,423.15,40.45749747
2203830.645,423.15,40.59050873
2215645.161,423.15,40.72508524
2228629.032,423.15,40.83736321
2240201.613,423.15,40.96478002
2250887.097,423.15,41.05282327
2263387.097,423.15,41.18278738
2275766.129,423.15,41.31591429
2288145.161,423.15,41.44694866
2301733.871,423.15,41.56495507
2314314.516,423.15,41.69991255
2327580.645,423.15,41.85125886
2339516.129,423.15,41.96125284
2351693.548,423.15,42.06454438
2363064.516,423.15,42.19637491
2375161.29,423.15,42.29260043
2390887.097,423.15,42.50027641
2403064.516,423.15,42.61025605
2412620.968,423.15,42.66673845
2427620.968,423.15,42.84729811
2440524.194,423.15,42.98673768
2451048.387,423.15,43.07874051
2463346.774,423.15,43.17155287
2477338.71,423.15,43.30590216
2491088.71,423.15,43.47168047
2503427.419,423.15,43.58770636
2516532.258,423.15,43.7166781
2527258.065,423.15,43.78814713
2539354.839,423.15,43.92117714
2554516.129,423.15,44.09512975
2565362.903,423.15,44.1490289
2578306.452,423.15,44.27701267
2590685.484,423.15,44.40378777
2603951.613,423.15,44.53172729
2617016.129,423.15,44.66323581
2630120.968,423.15,44.76745219
2641975.806,423.15,44.88162865
2653790.323,423.15,44.99314313
2665927.419,423.15,45.13571156
2681048.387,423.15,45.28150482
2693991.935,423.15,45.39402755
2705967.742,423.15,45.4910802
2717056.452,423.15,45.56650454
2730282.258,423.15,45.71754697
2744879.032,423.15,45.83463253
2756774.194,423.15,45.96827232
2767258.065,423.15,46.03633831
2780967.742,423.15,46.18285305
2795120.968,423.15,46.3101984
2808306.452,423.15,46.42842393
2821088.71,423.15,46.53786692
2832701.613,423.15,46.64729675
2844233.871,423.15,46.76114895
2857782.258,423.15,46.85739763
2869959.677,423.15,46.97189321
2884637.097,423.15,47.13813914
2896733.871,423.15,47.22575931
2909274.194,423.15,47.32336205
2922459.677,423.15,47.47582665
2937419.355,423.15,47.59374533
2949475.806,423.15,47.67737215
2961451.613,423.15,47.79474704
2972983.871,423.15,47.89678805
2988266.129,423.15,48.05032053
3001048.387,423.15,48.16878377
3013306.452,423.15,48.26438912
3024475.806,423.15,48.34814028
3039354.839,423.15,48.49000558
3050040.323,423.15,48.59457981
3064072.581,423.15,48.70789919
3077822.581,423.15,48.8177184
3089596.774,423.15,48.91548018
3102701.613,423.15,49.04815817
3116290.323,423.15,49.15558847
3129193.548,423.15,49.27488006
3141975.806,423.15,49.35924827
3156209.677,423.15,49.49731493
3166451.613,423.15,49.57154181
3180403.226,423.15,49.70895483
3194274.194,423.15,49.83842389
3207338.71,423.15,49.91583202
3218266.129,423.15,50.01200261
3232500,423.15,50.1645885
3246008.065,423.15,50.27730084
-1814.516129,398.15,-0.44577135
-1612.903226,398.15,-0.52701469
-1532.258065,398.15,-0.277159736
-1491.935484,398.15,-1.404282673
-1330.645161,398.15,-0.63534297
-1048.387097,398.15,-12.14903221
80.64516129,398.15,0.017654457
161.2903226,398.15,0.102735648
161.2903226,398.15,0.04520526
241.9354839,398.15,0.047795086
403.2258065,398.15,0.050593667
483.8709677,398.15,0.812048843
846.7741935,398.15,0.120764812
1088.709677,398.15,0.166273736
1088.709677,398.15,0.145283429
1290.322581,398.15,0.213077881
1330.645161,398.15,0.515029902
3145.16129,398.15,0.37119289
5483.870968,398.15,0.615303659
6250,398.15,0.665584122
7782.258065,398.15,0.788330746
8991.935484,398.15,0.87287807
9112.903226,398.15,0.848387045
11088.70968,398.15,0.990338211
15766.12903,398.15,1.357793539
19032.25806,398.15,1.580140093
20645.16129,398.15,1.658750457
25362.90323,398.15,1.973015902
26975.80645,398.15,2.035842576
31532.25806,398.15,2.311213501
35887.09677,398.15,2.563008832
38064.51613,398.15,2.635439069
42137.09677,398.15,2.854393649
48709.67742,398.15,3.21381403
52379.03226,398.15,3.381186429
56209.67742,398.15,3.546744906
62943.54839,398.15,3.887718602
67137.09677,398.15,4.056823032
73024.19355,398.15,4.320055766
80927.41935,398.15,4.693263432
83346.77419,398.15,4.739749557
91250,398.15,5.106203048
94919.35484,398.15,5.212658981
102983.871,398.15,5.554346408
109153.2258,398.15,5.800653086
114919.3548,398.15,6.001704416
123266.129,398.15,6.333211705
127056.4516,398.15,6.418813014
136774.1935,398.15,6.799388713
140806.4516,398.15,6.919735807
150443.5484,398.15,7.260849084
155241.9355,398.15,7.402878207
164879.0323,398.15,7.750339426
169717.7419,398.15,7.872455245
177903.2258,398.15,8.146449151
186250,398.15,8.413215008
194516.129,398.15,8.701051266
200524.1935,398.15,8.84387617
207338.7097,398.15,9.048607612
217903.2258,398.15,9.38877113
225282.2581,398.15,9.58531649
230846.7742,398.15,9.729167129
240564.5161,398.15,10.01827593
249475.8065,398.15,10.28084986
256532.2581,398.15,10.46639378
263669.3548,398.15,10.64123009
273991.9355,398.15,10.95214399
281612.9032,398.15,11.1410466
290322.5806,398.15,11.38403024
297540.3226,398.15,11.53946064
307983.871,398.15,11.84204108
316209.6774,398.15,12.04912987
323387.0968,398.15,12.19806217
333467.7419,398.15,12.45187501
342862.9032,398.15,12.70432381
350967.7419,398.15,12.89392565
361129.0323,398.15,13.14689466
369435.4839,398.15,13.32622438
379193.5484,398.15,13.57865537
389112.9032,398.15,13.80375045
396008.0645,398.15,13.94149467
404758.0645,398.15,14.1610247
416169.3548,398.15,14.44965154
425927.4194,398.15,14.63235341
431774.1935,398.15,14.75496942
443709.6774,398.15,15.03406384
453387.0968,398.15,15.23841223
461532.2581,398.15,15.41491673
471854.8387,398.15,15.63689757
481532.2581,398.15,15.81645409
489233.871,398.15,15.97088407
502903.2258,398.15,16.31053576
508911.2903,398.15,16.38301634
520725.8065,398.15,16.65574628
530524.1935,398.15,16.85526168
540000,398.15,17.05157412
549395.1613,398.15,17.21055118
558991.9355,398.15,17.41120056
571814.5161,398.15,17.70010543
579112.9032,398.15,17.82781822
589153.2258,398.15,18.00873875
600766.129,398.15,18.23398929
610564.5161,398.15,18.4366723
618669.3548,398.15,18.54825889
629072.5806,398.15,18.76727088
640604.8387,398.15,18.98626802
650927.4194,398.15,19.16999394
660282.2581,398.15,19.3444446
670604.8387,398.15,19.54203419
682822.5806,398.15,19.7561142
692822.5806,398.15,19.94205068
703750,398.15,20.16664651
713830.6452,398.15,20.32090097
723104.8387,398.15,20.46756556
732379.0323,398.15,20.64627024
742701.6129,398.15,20.80990637
754959.6774,398.15,21.03867469
765685.4839,398.15,21.22578324
776733.871,398.15,21.41634702
786733.871,398.15,21.57831487
795524.1935,398.15,21.69236543
807056.4516,398.15,21.91910576
817540.3226,398.15,22.10116066
830322.5806,398.15,22.32335049
841814.5161,398.15,22.50959658
851209.6774,398.15,22.67752072
861250,398.15,22.82268314
870685.4839,398.15,22.93816799
882943.5484,398.15,23.17041921
894717.7419,398.15,23.35151022
906048.3871,398.15,23.55083874
915564.5161,398.15,23.67184951
927177.4194,398.15,23.85200276
936370.9677,398.15,24.02952292
947701.6129,398.15,24.18818893
958588.7097,398.15,24.35977591
968387.0968,398.15,24.49842341
980725.8065,398.15,24.68160593
991693.5484,398.15,24.86318978
1003266.129,398.15,25.04610619
1014717.742,398.15,25.20689637
1027459.677,398.15,25.40953514
1037258.065,398.15,25.56633738
1048266.129,398.15,25.71412713
1057741.935,398.15,25.84175829
1068064.516,398.15,25.99291183
1082580.645,398.15,26.2224239
1094032.258,398.15,26.41739563
1103266.129,398.15,26.50760537
1114475.806,398.15,26.6674616
1125322.581,398.15,26.84929473
1137217.742,398.15,27.01921505
1147862.903,398.15,27.16177087
1160564.516,398.15,27.34943638
1171532.258,398.15,27.50101338
1183588.71,398.15,27.67060648
1196008.065,398.15,27.84992994
1208306.452,398.15,28.02370729
1218629.032,398.15,28.16310907
1230645.161,398.15,28.34867256
1241048.387,398.15,28.46172508
1252580.645,398.15,28.62198567
1264919.355,398.15,28.79173067
1277096.774,398.15,28.98539323
1287540.323,398.15,29.11598247
1300000,398.15,29.27163706
1309758.065,398.15,29.38729338
1321411.29,398.15,29.53429436
1332943.548,398.15,29.7118481
1343991.935,398.15,29.85901582
1355483.871,398.15,29.99386397
1368024.194,398.15,30.16689583
1379596.774,398.15,30.31995537
1390564.516,398.15,30.4612981
1401895.161,398.15,30.60169533
1415040.323,398.15,30.77690409
1427096.774,398.15,30.92303052
1437338.71,398.15,31.04598121
1449959.677,398.15,31.25077694
1462298.387,398.15,31.36357523
1472580.645,398.15,31.50362336
1485846.774,398.15,31.69096811
1496491.935,398.15,31.81553767
1508629.032,398.15,31.96172765
1520282.258,398.15,32.10066035
1532379.032,398.15,32.26437911
1544314.516,398.15,32.40062614
1557419.355,398.15,32.57692861
1569596.774,398.15,32.73674786
1580766.129,398.15,32.87175381
1590725.806,398.15,32.96287858
1602661.29,398.15,33.11232227
1614112.903,398.15,33.24671761
1626733.871,398.15,33.40041355
1638870.968,398.15,33.54039514
1651895.161,398.15,33.7032383
1662459.677,398.15,33.83798158
1675282.258,398.15,33.97973374
1687661.29,398.15,34.12662219
1700806.452,398.15,34.27991966
1713185.484,398.15,34.44851197
1725322.581,398.15,34.5961469
1736451.613,398.15,34.72260964
1748669.355,398.15,34.85222427
1761653.226,398.15,35.02140627
1773790.323,398.15,35.15464632
1786411.29,398.15,35.30230765
1797943.548,398.15,35.42326314
1809717.742,398.15,35.57904307
1820967.742,398.15,35.67338342
1832701.613,398.15,35.81715144
1844758.065,398.15,35.93575661
1857822.581,398.15,36.11122906
1869959.677,398.15,36.23263018
1882137.097,398.15,36.38638497
1893790.323,398.15,36.50529246
1905040.323,398.15,36.61005194
1918306.452,398.15,36.78279732
1930725.806,398.15,36.89605244
1943870.968,398.15,37.04509068
1956854.839,398.15,37.18738707
1969475.806,398.15,37.35733072
1980443.548,398.15,37.45530046
1993266.129,398.15,37.60506291
2004556.452,398.15,37.72210895
2016532.258,398.15,37.85582942
2027580.645,398.15,37.96424274
2042177.419,398.15,38.12198249
2055161.29,398.15,38.26837378
2066370.968,398.15,38.38785587
2077741.935,398.15,38.51837365
2090322.581,398.15,38.63951556
2101935.484,398.15,38.74621284
2115927.419,398.15,38.9094029
2128830.645,398.15,39.04874672
2141129.032,398.15,39.1819421
2152903.226,398.15,39.31919352
2164637.097,398.15,39.44365487
2175887.097,398.15,39.51698787
2188387.097,398.15,39.66009464
2200887.097,398.15,39.81555942
2213024.194,398.15,39.90187548
2225766.129,398.15,40.08072192
2239395.161,398.15,40.18707299
2251733.871,398.15,40.32127541
2265927.419,398.15,40.46672627
2277862.903,398.15,40.58518104
2289959.677,398.15,40.72191045
2300846.774,398.15,40.83494745
2314717.742,398.15,40.95457278
2325806.452,398.15,41.09485898
2338830.645,398.15,41.21258922
2351088.71,398.15,41.31170565
2364354.839,398.15,41.45718912
2379516.129,398.15,41.642894
2391612.903,398.15,41.73728136
2403306.452,398.15,41.84443135
2414838.71,398.15,41.96283131
2428024.194,398.15,42.09225826
2439556.452,398.15,42.19506309
2452379.032,398.15,42.34769721
2466975.806,398.15,42.47074586
2478870.968,398.15,42.6016995
2490040.323,398.15,42.67567047
2502217.742,398.15,42.82082905
2514838.71,398.15,42.94827625
2528346.774,398.15,43.06848102
2541935.484,398.15,43.2158928
2555564.516,398.15,43.33254421
2567298.387,398.15,43.46612402
2579717.742,398.15,43.55801498
2591814.516,398.15,43.68068798
2604314.516,398.15,43.78914544
2618548.387,398.15,43.91622897
2632096.774,398.15,44.07382027
2643024.194,398.15,44.14964901
2656451.613,398.15,44.29829206
2668588.71,398.15,44.42763958
2679919.355,398.15,44.5281896
2696088.71,398.15,44.69180102
2706653.226,398.15,44.73859675
2720604.839,398.15,44.90382304
2733951.613,398.15,45.03769168
2744556.452,398.15,45.09277356
2759314.516,398.15,45.26692558
2769677.419,398.15,45.33496915
2785241.935,398.15,45.49320027
2798427.419,398.15,45.63082786
2808911.29,398.15,45.71005383
2820846.774,398.15,45.80540192
2835806.452,398.15,45.95890945
2848669.355,398.15,46.07597757
2860846.774,398.15,46.19628887
2873225.806,398.15,46.28367979
2885725.806,398.15,46.40990666
2900403.226,398.15,46.54423995
2911572.581,398.15,46.64797131
2925080.645,398.15,46.74739303
2938911.29,398.15,46.90986015
2949153.226,398.15,46.98250144
2962983.871,398.15,47.10069482
2976290.323,398.15,47.20995298
2989717.742,398.15,47.32517421
3000927.419,398.15,47.44189372
3016935.484,398.15,47.58099682
3028145.161,398.15,47.70748362
3041895.161,398.15,47.81251669
3052983.871,398.15,47.88077537
3067459.677,398.15,48.00545484
3081129.032,398.15,48.14541198
3091451.613,398.15,48.22599889
3105604.839,398.15,48.36979663
3119838.71,398.15,48.49631
3129758.065,398.15,48.57859829
3144959.677,398.15,48.72399552
3160161.29,398.15,48.86583164
3169959.677,398.15,48.91504232
3182983.871,398.15,49.02195246
3197419.355,398.15,49.171611
3209435.484,398.15,49.27559736
3222016.129,398.15,49.3713675
-2862.903226,348.15,-0.470810098
-2540.322581,348.15,-2.363723838
-2298.387097,348.15,-0.500231783
-1653.225806,348.15,-2.867876335
-1653.225806,348.15,-0.796173816
-1653.225806,348.15,-0.296997515
-1612.903226,348.15,-0.319358186
-1330.645161,348.15,-0.851682129
-1330.645161,348.15,-0.513688632
-1250,348.15,-0.346226782
-1008.064516,348.15,-9.484758164
-685.483871,348.15,-0.090622218
-524.1935484,348.15,-0.128474184
-282.2580645,348.15,-0.091759039
0,348.15,0
40.32258065,348.15,0.005030269
282.2580645,348.15,0.040048416
967.7419355,348.15,0.0969125
1250,348.15,0.131142043
1451.612903,348.15,0.169114832
1532.258065,348.15,0.146409416
2096.774194,348.15,0.231907819
3225.806452,348.15,0.295644592
4475.806452,348.15,0.39169565
6330.645161,348.15,0.534221496
8185.483871,348.15,0.66528607
9112.903226,348.15,0.714768592
14072.58065,348.15,1.067555883
15685.48387,348.15,1.154056936
18225.80645,348.15,1.300645697
20725.80645,348.15,1.436479979
23064.51613,348.15,1.553842572
26129.03226,348.15,1.714202468
29758.06452,348.15,1.902244587
33508.06452,348.15,2.089994724
36491.93548,348.15,2.219465039
41008.06452,348.15,2.441173476
46129.03226,348.15,2.68393821
49959.67742,348.15,2.853209021
57137.09677,348.15,3.191306349
61653.22581,348.15,3.377015884
66491.93548,348.15,3.571885289
69516.12903,348.15,3.668297877
75443.54839,348.15,3.918971893
82661.29032,348.15,4.205647924
89153.22581,348.15,4.471296708
94193.54839,348.15,4.642913201
102862.9032,348.15,4.997428614
106814.5161,348.15,5.11268512
111169.3548,348.15,5.240169946
120241.9355,348.15,5.591011292
127983.871,348.15,5.860570668
131975.8065,348.15,5.959619534
140040.3226,348.15,6.233227116
145887.0968,348.15,6.412307953
151733.871,348.15,6.581253449
160967.7419,348.15,6.896978443
168911.2903,348.15,7.138307728
174233.871,348.15,7.284889688
184838.7097,348.15,7.632857667
189233.871,348.15,7.731103402
198346.7742,348.15,8.015824552
204919.3548,348.15,8.197246927
211774.1935,348.15,8.373620469
222338.7097,348.15,8.686573278
228830.6452,348.15,8.864644198
238266.129,348.15,9.143259627
244274.1935,348.15,9.270534448
254556.4516,348.15,9.560215282
262096.7742,348.15,9.748980847
269596.7742,348.15,9.937795565
279637.0968,348.15,10.21258639
286733.871,348.15,10.37701822
296411.2903,348.15,10.64813843
304637.0968,348.15,10.83400425
312741.9355,348.15,11.02044731
322943.5484,348.15,11.30063292
332419.3548,348.15,11.51801561
338064.5161,348.15,11.63844017
348911.2903,348.15,11.89597569
357661.2903,348.15,12.10206421
368790.3226,348.15,12.39022323
375161.2903,348.15,12.49586404
386451.6129,348.15,12.78469641
394516.129,348.15,12.95729613
405000,348.15,13.19541771
414072.5806,348.15,13.3917698
422903.2258,348.15,13.578329
433548.3871,348.15,13.81762774
440604.8387,348.15,13.9544552
453830.6452,348.15,14.27643887
461370.9677,348.15,14.40583579
472379.0323,348.15,14.66579044
481733.871,348.15,14.85138626
490241.9355,348.15,15.02492477
500685.4839,348.15,15.24729907
511088.7097,348.15,15.45067288
519233.871,348.15,15.60927197
531653.2258,348.15,15.87547251
541330.6452,348.15,16.06596154
549032.2581,348.15,16.1879544
561370.9677,348.15,16.47377703
571572.5806,348.15,16.66694591
580322.5806,348.15,16.83982082
591653.2258,348.15,17.04750318
602258.0645,348.15,17.2808521
611975.8065,348.15,17.4399509
622137.0968,348.15,17.63646785
633588.7097,348.15,17.85340495
642862.9032,348.15,18.01352184
653709.6774,348.15,18.21184342
665483.871,348.15,18.46337593
672459.6774,348.15,18.5539386
686290.3226,348.15,18.83052781
697338.7097,348.15,19.04021105
705483.871,348.15,19.17896937
717580.6452,348.15,19.39572161
730241.9355,348.15,19.62947198
738145.1613,348.15,19.75282801
749556.4516,348.15,19.95948951
761491.9355,348.15,20.17916509
771088.7097,348.15,20.33898758
783104.8387,348.15,20.55367123
793669.3548,348.15,20.73460567
802983.871,348.15,20.868154
813790.3226,348.15,21.05870979
827137.0968,348.15,21.29045236
837822.5806,348.15,21.47979567
846733.871,348.15,21.62316368
858024.1935,348.15,21.80632937
870604.8387,348.15,22.02281134
881935.4839,348.15,22.2403316
893346.7742,348.15,22.4100976
902379.0323,348.15,22.55437254
915040.3226,348.15,22.76701016
928064.5161,348.15,22.98791118
939475.8065,348.15,23.19197907
948709.6774,348.15,23.28804062
958427.4194,348.15,23.4510132
969395.1613,348.15,23.63210379
981653.2258,348.15,23.82605522
994112.9032,348.15,24.03715982
1006330.645,348.15,24.21980236
1018951.613,348.15,24.43038466
1028185.484,348.15,24.55322273
1039435.484,348.15,24.71513861
1051250,348.15,24.90563695
1062379.032,348.15,25.0914975
1073830.645,348.15,25.26601466
1086411.29,348.15,25.46109544
1099233.871,348.15,25.67111682
1111250,348.15,25.85234142
1121370.968,348.15,25.98312468
1133709.677,348.15,26.16804317
1144395.161,348.15,26.32051406
1156330.645,348.15,26.5044063
1168346.774,348.15,26.67306379
1180564.516,348.15,26.84988515
1190685.484,348.15,27.00932664
1201088.71,348.15,27.1350807
1214032.258,348.15,27.32602711
1227500,348.15,27.54965326
1238588.71,348.15,27.68983639
1249435.484,348.15,27.85078696
1261532.258,348.15,28.02634296
1273548.387,348.15,28.18894174
1287016.129,348.15,28.42272807
1297016.129,348.15,28.5306623
1310524.194,348.15,28.74546487
1321451.613,348.15,28.88066656
1332943.548,348.15,29.03740787
1344637.097,348.15,29.1861426
1356975.806,348.15,29.37201177
1367983.871,348.15,29.50241728
1381693.548,348.15,29.71978877
1395040.323,348.15,29.8961017
1406330.645,348.15,30.04480165
1416854.839,348.15,30.16841882
1428750,348.15,30.35920985
1442459.677,348.15,30.52071644
1454193.548,348.15,30.69189981
1468145.161,348.15,30.9145291
1479919.355,348.15,31.03131515
1489596.774,348.15,31.17325658
1501169.355,348.15,31.30488293
1513709.677,348.15,31.45456633
1528024.194,348.15,31.67961468
1540766.129,348.15,31.85895713
1551290.323,348.15,31.95430147
1562903.226,348.15,32.1294826
1576209.677,348.15,32.31118645
1588669.355,348.15,32.46775956
1600967.742,348.15,32.60810959
1612862.903,348.15,32.78183822
1623104.839,348.15,32.88764904
1639798.387,348.15,33.14576045
1648669.355,348.15,33.21930626
1660806.452,348.15,33.36798482
1676250,348.15,33.57864268
1686290.323,348.15,33.70065944
1701491.935,348.15,33.90706249
1711532.258,348.15,34.03850887
1725483.871,348.15,34.19215344
1735161.29,348.15,34.30012378
1750846.774,348.15,34.53672763
1760241.935,348.15,34.63912655
1775564.516,348.15,34.8311873
1787056.452,348.15,34.96554894
1800282.258,348.15,35.13338451
1810846.774,348.15,35.25353089
1824395.161,348.15,35.42061171
1836733.871,348.15,35.56726175
1849798.387,348.15,35.71902972
1861129.032,348.15,35.84036151
1875685.484,348.15,36.04438257
1887217.742,348.15,36.15706917
1900564.516,348.15,36.3485302
1911250,348.15,36.44207161
1925766.129,348.15,36.6518118
1935967.742,348.15,36.7374981
1949193.548,348.15,36.9168144
1963024.194,348.15,37.10558656
1975362.903,348.15,37.24269491
1989475.806,348.15,37.40718546
1999233.871,348.15,37.48826843
2013870.968,348.15,37.69777285
2025000,348.15,37.79228529
2039879.032,348.15,37.97512254
2050403.226,348.15,38.0880492
2065362.903,348.15,38.2821632
2075927.419,348.15,38.37197812
2091370.968,348.15,38.58350383
2100322.581,348.15,38.63923517
2116209.677,348.15,38.84750002
2127298.387,348.15,38.97743636
2142620.968,348.15,39.14936433
2153104.839,348.15,39.25981883
2168790.323,348.15,39.46408103
2180483.871,348.15,39.5783961
2192056.452,348.15,39.69855605
2205282.258,348.15,39.88297264
2217822.581,348.15,39.99224689
2232903.226,348.15,40.19621533
2242983.871,348.15,40.27966922
2256290.323,348.15,40.42261104
2271048.387,348.15,40.60563225
2282016.129,348.15,40.68612081
2296653.226,348.15,40.86701291
2307540.323,348.15,40.98711497
2321572.581,348.15,41.15152136
2333145.161,348.15,41.28438439
2349274.194,348.15,41.42941357
2358830.645,348.15,41.53690844
2373911.29,348.15,41.70422596
2385887.097,348.15,41.85678521
2397379.032,348.15,41.96505769
2412661.29,348.15,42.14866777
2424758.065,348.15,42.26061607
2438750,348.15,42.43046988
2448508.065,348.15,42.48400198
2464475.806,348.15,42.70805668
2475403.226,348.15,42.81066919
2492016.129,348.15,42.98250424
2502862.903,348.15,43.09454728
2516572.581,348.15,43.22331688
2528064.516,348.15,43.34864135
2541774.194,348.15,43.50602002
2555604.839,348.15,43.65896305
2567983.871,348.15,43.81166497
2579233.871,348.15,43.89512511
2595241.935,348.15,44.07641171
2609112.903,348.15,44.22477912
2620524.194,348.15,44.3004601
2633266.129,348.15,44.45542091
2647782.258,348.15,44.60715714
2659395.161,348.15,44.710344
2672903.226,348.15,44.85884916
2687701.613,348.15,45.02570869
2700564.516,348.15,45.16825465
2712096.774,348.15,45.27272007
2724798.387,348.15,45.39953441
2740080.645,348.15,45.56327802
2752580.645,348.15,45.67809099
2765322.581,348.15,45.81318792
2777822.581,348.15,45.92555297
2793145.161,348.15,46.09983988
2805806.452,348.15,46.2154082
2820403.226,348.15,46.37951345
2830806.452,348.15,46.44893503
2844354.839,348.15,46.57022084
2858588.71,348.15,46.74203825
2871733.871,348.15,46.86172319
2884112.903,348.15,46.98358538
2895806.452,348.15,47.12285939
2912540.323,348.15,47.30486362
2925685.484,348.15,47.41339115
2938790.323,348.15,47.54999744
2949475.806,348.15,47.62656081
2963830.645,348.15,47.77043714
2977862.903,348.15,47.91469327
2992137.097,348.15,48.03461967
3005725.806,348.15,48.21701319
3016572.581,348.15,48.27874673
3030000,348.15,48.41597559
3044677.419,348.15,48.56832975
3057540.323,348.15,48.69553239
3071169.355,348.15,48.83933741
3084717.742,348.15,48.92237547
3098306.452,348.15,49.07080943
3112943.548,348.15,49.22942014
3123830.645,348.15,49.33219947
3138669.355,348.15,49.41371104
3151250,348.15,49.56926389
3162862.903,348.15,49.69194725
3178911.29,348.15,49.84892707
3191693.548,348.15,49.96285851
3204516.129,348.15,50.08799391
3217056.452,348.15,50.19731763
3230322.581,348.15,50.30049281
3243427.419,348.15,50.43675474
3259354.839,348.15,50.61553472
-2056.451613,323.15,-0.503714171
-1733.870968,323.15,-1.59291982
-1572.580645,323.15,-0.239560488
-1532.258065,323.15,-0.595646278
-1330.645161,323.15,-2.15883104
-1330.645161,323.15,-0.188680486
-1048.387097,323.15,-0.188888574
-846.7741935,323.15,-0.401269643
-846.7741935,323.15,-0.105317064
-806.4516129,323.15,-0.509050844
-766.1290323,323.15,-0.150569319
-645.1612903,323.15,-0.075139495
-524.1935484,323.15,-0.170961653
-362.9032258,323.15,-0.036174197
-322.5806452,323.15,-0.089703152
-282.2580645,323.15,-0.04642342
0,323.15,0
40.32258065,323.15,0.004465408
443.5483871,323.15,0.058516578
927.4193548,323.15,10.81664351
1048.387097,323.15,0.110290291
1411.290323,323.15,0.134413666
1895.16129,323.15,0.172766916
3306.451613,323.15,0.278061666
4838.709677,323.15,0.422570978
8185.483871,323.15,0.662164608
8185.483871,323.15,0.638607579
10483.87097,323.15,0.764405699
11491.93548,323.15,0.86818219
16250,323.15,1.150080567
17137.09677,323.15,1.179169159
21491.93548,323.15,1.434519464
22741.93548,323.15,1.477552585
28185.48387,323.15,1.784106017
28306.45161,323.15,1.750330034
34395.16129,323.15,2.077961347
39112.90323,323.15,2.311222583
42016.12903,323.15,2.428085372
47620.96774,323.15,2.696139286
49435.48387,323.15,2.743345883
56290.32258,323.15,3.060217797
61411.29032,323.15,3.274433084
67258.06452,323.15,3.522259652
70846.77419,323.15,3.637245229
76330.64516,323.15,3.854576259
83709.67742,323.15,4.160823706
86895.16129,323.15,4.249226513
95846.77419,323.15,4.617089502
99516.12903,323.15,4.713700154
108709.6774,323.15,5.078579779
112500,323.15,5.177540228
119798.3871,323.15,5.43145231
126935.4839,323.15,5.67577849
133387.0968,323.15,5.888376584
139274.1935,323.15,6.06780984
147983.871,323.15,6.368590619
153467.7419,323.15,6.516405531
161209.6774,323.15,6.771578081
167661.2903,323.15,6.954879286
176935.4839,323.15,7.253118157
184072.5806,323.15,7.457644577
189112.9032,323.15,7.585455316
200403.2258,323.15,7.936188067
207701.6129,323.15,8.146509985
213266.129,323.15,8.278894401
222580.6452,323.15,8.547772647
232137.0968,323.15,8.829551022
238104.8387,323.15,8.97044581
248669.3548,323.15,9.272377654
255967.7419,323.15,9.468977033
263508.0645,323.15,9.652969489
272137.0968,323.15,9.876602304
279798.3871,323.15,10.06629477
290201.6129,323.15,10.34194103
298467.7419,323.15,10.55165819
307822.5806,323.15,10.77896469
316330.6452,323.15,10.99694201
324435.4839,323.15,11.182396
334032.2581,323.15,11.4283589
345000,323.15,11.69916197
353548.3871,323.15,11.90042179
360282.2581,323.15,12.0298562
370887.0968,323.15,12.30791344
380080.6452,323.15,12.50945971
392540.3226,323.15,12.81891336
399717.7419,323.15,12.96019531
409072.5806,323.15,13.16729065
418467.7419,323.15,13.37868176
428991.9355,323.15,13.61630713
440645.1613,323.15,13.89851361
448225.8065,323.15,14.04112545
458508.0645,323.15,14.27152558
469274.1935,323.15,14.51672261
479717.7419,323.15,14.74624049
485927.4194,323.15,14.83213989
496612.9032,323.15,15.07958681
506370.9677,323.15,15.27050949
516733.871,323.15,15.49373365
527903.2258,323.15,15.72075312
540161.2903,323.15,15.98934143
549637.0968,323.15,16.19631793
560524.1935,323.15,16.43145458
569233.871,323.15,16.57619821
578991.9355,323.15,16.77279718
588709.6774,323.15,16.9369106
601814.5161,323.15,17.23048916
612620.9677,323.15,17.4375553
622217.7419,323.15,17.62178073
633387.0968,323.15,17.85171966
644758.0645,323.15,18.05980988
654637.0968,323.15,18.26529116
664758.0645,323.15,18.44518183
674516.129,323.15,18.62845009
685725.8065,323.15,18.82942282
698870.9677,323.15,19.10522469
707500,323.15,19.24349122
718387.0968,323.15,19.45339355
732177.4194,323.15,19.70085128
739475.8065,323.15,19.81408484
752822.5806,323.15,20.07903117
763427.4194,323.15,20.27695632
774193.5484,323.15,20.477528
786169.3548,323.15,20.68887096
796370.9677,323.15,20.86228084
808911.2903,323.15,21.08887553
819233.871,323.15,21.27639382
832741.9355,323.15,21.53425504
840967.7419,323.15,21.64192716
853629.0323,323.15,21.87630371
865322.5806,323.15,22.07825146
874032.2581,323.15,22.20215748
887137.0968,323.15,22.44137121
898870.9677,323.15,22.64384821
911048.3871,323.15,22.85470389
919838.7097,323.15,22.97749589
933629.0323,323.15,23.23483837
942862.9032,323.15,23.37191657
956895.1613,323.15,23.60269878
967943.5484,323.15,23.80891301
977701.6129,323.15,23.93163776
991572.5806,323.15,24.17405554
1002379.032,323.15,24.35973083
1014072.581,323.15,24.53139788
1025887.097,323.15,24.7413773
1037903.226,323.15,24.92140366
1050322.581,323.15,25.14443029
1060000,323.15,25.29418373
1073346.774,323.15,25.50175964
1085201.613,323.15,25.70118129
1097338.71,323.15,25.85964905
1108588.71,323.15,26.05424968
1119274.194,323.15,26.21112808
1131733.871,323.15,26.39873635
1144919.355,323.15,26.61547
1154516.129,323.15,26.76433012
1168991.935,323.15,27.00229653
1178064.516,323.15,27.11949115
1192096.774,323.15,27.34177029
1204435.484,323.15,27.52971481
1214314.516,323.15,27.67125346
1228387.097,323.15,27.8724906
1238830.645,323.15,28.0235703
1253024.194,323.15,28.28703942
1263991.935,323.15,28.41089843
1277056.452,323.15,28.61172614
1287741.935,323.15,28.7692663
1301935.484,323.15,28.99694986
1312862.903,323.15,29.14494746
1323508.065,323.15,29.29476079
1337580.645,323.15,29.50173024
1350241.935,323.15,29.68901782
1360967.742,323.15,29.84414643
1372338.71,323.15,29.98643685
1386048.387,323.15,30.20932734
1400564.516,323.15,30.39854767
1411814.516,323.15,30.58772223
1422782.258,323.15,30.73151392
1435403.226,323.15,30.91833163
1448064.516,323.15,31.08896474
1459072.581,323.15,31.23349092
1471572.581,323.15,31.41600187
1486451.613,323.15,31.65941646
1497177.419,323.15,31.76675669
1509838.71,323.15,31.93751489
1523306.452,323.15,32.13930374
1533145.161,323.15,32.25620621
1548064.516,323.15,32.48410897
1557258.065,323.15,32.59124874
1573508.065,323.15,32.84785018
1584435.484,323.15,32.96521463
1597822.581,323.15,33.14014597
1608427.419,323.15,33.28483148
1622822.581,323.15,33.46088013
1633669.355,323.15,33.62839327
1648225.806,323.15,33.83753857
1658467.742,323.15,33.95917152
1673346.774,323.15,34.17159643
1685725.806,323.15,34.32168904
1698750,323.15,34.5037235
1712217.742,323.15,34.67990563
1723266.129,323.15,34.80857372
1737419.355,323.15,35.01663046
1747338.71,323.15,35.11095536
1761370.968,323.15,35.30631964
1774919.355,323.15,35.49379745
1787500,323.15,35.65804582
1798588.71,323.15,35.79150628
1812217.742,323.15,35.98382463
1826290.323,323.15,36.16555025
1838548.387,323.15,36.3072305
1849395.161,323.15,36.44301541
1862903.226,323.15,36.60229608
1876975.806,323.15,36.77038442
1889677.419,323.15,36.95807623
1901854.839,323.15,37.08846027
1916491.935,323.15,37.29687878
1927419.355,323.15,37.40984281
1940725.806,323.15,37.60514404
1953709.677,323.15,37.73946344
1966653.226,323.15,37.9042854
1980040.323,323.15,38.09164066
1991814.516,323.15,38.22644719
2005564.516,323.15,38.39149539
2018629.032,323.15,38.57929893
2030887.097,323.15,38.70958093
2044435.484,323.15,38.9053786
2057338.71,323.15,39.03031674
2069475.806,323.15,39.18875619
2082620.968,323.15,39.34505803
2096330.645,323.15,39.51138515
2110483.871,323.15,39.67492425
2122056.452,323.15,39.8215421
2136290.323,323.15,40.00755841
2145806.452,323.15,40.08867434
2160725.806,323.15,40.28174825
2174475.806,323.15,40.41291021
2188104.839,323.15,40.60268508
2198830.645,323.15,40.73897479
2214153.226,323.15,40.92149312
2226451.613,323.15,41.0467154
2238548.387,323.15,41.17665447
2253225.806,323.15,41.39646672
2265080.645,323.15,41.50851012
2280887.097,323.15,41.7052585
2291935.484,323.15,41.81331003
2304596.774,323.15,41.98726891
2319314.516,323.15,42.14187535
2330201.613,323.15,42.24685084
2344838.71,323.15,42.4230827
2357620.968,323.15,42.57545103
2370645.161,323.15,42.74553902
2384798.387,323.15,42.92331734
2396814.516,323.15,43.00287991
2410483.871,323.15,43.16436112
2424153.226,323.15,43.33296259
2435806.452,323.15,43.45525385
2450725.806,323.15,43.64836246
2463548.387,323.15,43.79374289
2476250,323.15,43.91302696
2491854.839,323.15,44.12119707
2503266.129,323.15,44.24740814
2517822.581,323.15,44.40273776
2529677.419,323.15,44.51236187
2542903.226,323.15,44.66782816
2558185.484,323.15,44.87028826
2569556.452,323.15,44.97128271
2583024.194,323.15,45.14044936
2599193.548,323.15,45.30310387
2609556.452,323.15,45.39740308
2624153.226,323.15,45.55788878
2635564.516,323.15,45.69665728
2652217.742,323.15,45.88092358
2663548.387,323.15,46.00306309
2675806.452,323.15,46.12351302
2690524.194,323.15,46.28475916
2701975.806,323.15,46.39971203
2718508.065,323.15,46.58492226
2729758.065,323.15,46.72098347
2742943.548,323.15,46.83579224
2755967.742,323.15,46.99050183
2772258.065,323.15,47.19950458
2783185.484,323.15,47.30104209
2799112.903,323.15,47.47367498
2809354.839,323.15,47.57224084
2824233.871,323.15,47.72735014
2838266.129,323.15,47.8899746
2850645.161,323.15,47.99476023
2863709.677,323.15,48.10914835
2879637.097,323.15,48.33974378
2890846.774,323.15,48.42641817
2903669.355,323.15,48.5774147
2919516.129,323.15,48.72225043
2931088.71,323.15,48.82188016
2945685.484,323.15,48.98512657
2960080.645,323.15,49.14444889
2972782.258,323.15,49.30094446
2984959.677,323.15,49.41718329
2998467.742,323.15,49.55204129
3013467.742,323.15,49.71301233
3027338.71,323.15,49.85785376
3041733.871,323.15,50.02246251
3052016.129,323.15,50.09507274
3066411.29,323.15,50.2554914
3081330.645,323.15,50.38949362
3094153.226,323.15,50.55420504
3107862.903,323.15,50.68532191
3120604.839,323.15,50.82480298
3135000,323.15,50.93319366
3150000,323.15,51.08908036
3163588.71,323.15,51.25777071
3174032.258,323.15,51.32629629
3189596.774,323.15,51.51164929
3205564.516,323.15,51.65646619
3216411.29,323.15,51.73208811
3231854.839,323.15,51.92396459
3245080.645,323.15,52.00919937
3258225.806,323.15,52.18950233
3271814.516,323.15,52.30646325
3284677.419,323.15,52.42460822
3300282.258,323.15,52.58501785
3313225.806,323.15,52.70863797
